-- Обновление базы данных: 34 произведения Хаяо Миядзаки
-- Выполнить после schema.sql

DELETE FROM user_film_lists;
DELETE FROM sessions;
DELETE FROM work_awards;
DELETE FROM work_genres;
DELETE FROM work_characters;
DELETE FROM work_persons;
DELETE FROM awards;
DELETE FROM genres;
DELETE FROM characters;
DELETE FROM works;
DELETE FROM persons;
DELETE FROM users;

-- Админ (пароль: admin123)
INSERT INTO users (id, username, email, password_hash, display_name, role) VALUES
('a1b2c3d4-e5f6-7890-abcd-ef1234567890', 'admin', 'admin@miyazaki.local', '$2b$10$zJ4e2OQAZ2hSP9moh3KLQuDYruFr7dCd/yloOSC2EhRYQZbVqHQbu', 'Администратор', 'admin');

-- ПЕРСОНЫ
INSERT INTO persons (id, full_name_ru, full_name_en, roles, biography, birth_date, country) VALUES
('5c329ca6-71a4-4bb8-8b8f-31553378eaef', 'Хаяо Миядзаки', 'Hayao Miyazaki', '{"roles":["director","screenwriter"]}', 'Сооснователь Studio Ghibli, обладатель премии «Оскар».', '1941-01-05', 'Япония'),
('9f6dc2bd-4045-41a1-9aa1-8e2d3ec9ad11', 'Дзё Хисаиси', 'Joe Hisaishi', '{"roles":["composer"]}', 'Композитор фильмов Миядзаки.', '1950-12-06', 'Япония'),
('2c2f14bd-5aab-4ad5-9bb5-0667d6613a7b', 'Тосио Судзуки', 'Toshio Suzuki', '{"roles":["producer"]}', 'Продюсер Studio Ghibli.', '1948-08-19', 'Япония'),
('c4ef9f02-7cbe-4e2a-b4de-9777084ffcf0', 'Исао Такахата', 'Isao Takahata', '{"roles":["director"]}', 'Сооснователь Studio Ghibli.', '1935-10-29', 'Япония'),
('781d9f24-6ef1-4eb2-a2d0-226c5dba34a8', 'Горо Миядзаки', 'Goro Miyazaki', '{"roles":["director"]}', 'Сын Хаяо Миядзаки, режиссёр.', '1967-01-21', 'Япония'),
('a1111111-1111-1111-1111-111111111111', 'Ёсифуми Кондо', 'Yoshifumi Kondo', '{"roles":["director"]}', 'Режиссёр «Шёпота сердца».', '1950-03-31', 'Япония'),
('a2222222-2222-2222-2222-222222222222', 'Хиромаса Ёнэбаяси', 'Hiromasa Yonebayashi', '{"roles":["director"]}', 'Режиссёр «Ариэтти».', '1973-07-10', 'Япония'),
('a3333333-3333-3333-3333-333333333333', 'Хидэаки Анно', 'Hideaki Anno', '{"roles":["director"]}', 'Создатель «Евангелиона».', '1960-05-22', 'Япония'),
('a4444444-4444-4444-4444-444444444444', 'Акихико Ямасита', 'Akihiko Yamashita', '{"roles":["director"]}', 'Аниматор Studio Ghibli.', '1966-01-01', 'Япония');

-- 34 ПРОИЗВЕДЕНИЯ
INSERT INTO works (id, title_ru, title_en, release_year, type, synopsis, runtime_minutes, rating, age_rating, budget, box_office, world_premiere) VALUES
('22570af5-63fd-416c-b863-7a350cfbda19', 'Мальчик и птица', 'The Boy and the Heron', 2023, 'feature', 'Махито ищет маму в сказочном мире. Шедевр, получивший «Оскар».', 124, 7.9, '18+', NULL, 294244867, '2023-07-14'),
('8fd8cfeb-2e05-4a00-9c42-de28b0672d8b', 'Гусеница Боро', 'Boro the Caterpillar', 2018, 'short', 'История мохнатой гусеницы в крошечном мире.', 14, NULL, '0+', NULL, NULL, '2018-03-21'),
('dfec5738-726f-4f8e-bccc-7351826d1c76', 'Ветер крепчает', 'The Wind Rises', 2013, 'feature', 'История авиаконструктора Дзиро Хорикоси.', 126, 8.0, '12+', 30000000, 136483439, '2013-07-20'),
('0d06e223-1ea3-4fb0-b476-52ce274235a5', 'Со склонов Кокурико', 'From Up on Poppy Hill', 2011, 'feature', 'Школьники борются за сохранение клуба в 1963 году.', 91, 7.9, '12+', 22000000, 61459425, '2011-07-16'),
('b1111111-1111-1111-1111-111111111111', 'Ариэтти из страны лилипутов', 'Arrietty', 2010, 'feature', 'Маленькие существа живут рядом с людьми.', 90, 7.9, '0+', 23000000, 148968761, '2010-07-17'),
('b2222222-2222-2222-2222-222222222222', 'Мистер Тесто и Принцесса Яйцо', 'Mr. Dough and the Egg Princess', 2010, 'short', 'Принцесса Яйцо бежит от Бабы Яги с ожившим Тестом.', 12, 7.7, '0+', NULL, NULL, '2010-11-20'),
('b3333333-3333-3333-3333-333333333333', 'Мышиное сумо', 'Chu-zumo', 2010, 'short', 'Мышиный чемпионат по сумо.', 13, NULL, '0+', NULL, NULL, '2010-01-03'),
('a9b5bb67-b2a2-42b0-a8d5-ff48b41b2817', 'Рыбка Поньо на утёсе', 'Ponyo', 2008, 'feature', 'Морская рыбка мечтает стать человеком.', 101, 8.0, '6+', 34000000, 208324882, '2008-07-19'),
('b4444444-4444-4444-4444-444444444444', 'День, когда я приобрела звезду', 'The Day I Bought a Star', 2006, 'short', 'Мальчик вырастил планету из семечка.', 16, 8.4, '0+', NULL, NULL, '2006-01-03'),
('b5555555-5555-5555-5555-555555555555', 'Водяной паук Мон-мон', 'Mizugumo Monmon', 2006, 'short', 'Паучок влюбился в водомерку.', 15, 8.1, '0+', NULL, NULL, '2006-01-03'),
('b6666666-6666-6666-6666-666666666666', 'В поисках дома', 'House Hunting', 2006, 'short', 'Девочка ищет дом в лесу.', 12, 8.3, '0+', NULL, NULL, '2006-01-03'),
('b7777777-7777-7777-7777-777777777777', 'Сказания Земноморья', 'Tales from Earthsea', 2006, 'feature', 'Маг Гед и принц Аррен спасают Земноморье.', 115, 7.2, '12+', NULL, 68673762, '2006-07-29'),
('a74bd7e8-4eb9-4f3a-8c3f-9b1f3f74d771', 'Ходячий замок', 'Howl''s Moving Castle', 2004, 'feature', 'Софи превращена в старуху и ищет волшебника Хаула.', 119, 8.3, '6+', 24000000, 259713523, '2004-09-05'),
('5c71919a-682e-4eda-b414-291f0af851e5', 'Мэй и Кот-автобус', 'Mei and the Kittenbus', 2002, 'short', 'Мэй летит с котом-автобусом к Тоторо.', 13, 8.2, '0+', NULL, NULL, '2002-09-21'),
('b8888888-8888-8888-8888-888888888888', 'Великий день Коро', 'Koro''s Big Day Out', 2002, 'short', 'Щенок Коро сбегает из дому.', 14, 8.2, '0+', NULL, NULL, '2002-01-01'),
('b9999999-9999-9999-9999-999999999999', 'Вымышленные летательные аппараты', 'Imaginary Flying Machines', 2002, 'short', 'О фантазиях людей XIX века о полётах.', 6, NULL, '0+', NULL, NULL, '2002-01-01'),
('6f4731cf-3f58-4d31-bf62-aa944147f1d6', 'Унесённые призраками', 'Spirited Away', 2001, 'feature', 'Чихиро спасает родителей из мира духов.', 124, 8.6, '12+', 19000000, 355467076, '2001-07-20'),
('c1111111-1111-1111-1111-111111111111', 'Охота на кита', 'The Whale Hunt', 2001, 'short', 'Дети играют в путешествие по океану.', 16, 8.0, '0+', NULL, NULL, '2001-10-01'),
('c2222222-2222-2222-2222-222222222222', 'Конан – мальчик из будущего 2', 'Future Boy Conan II', 1999, 'series', 'Продолжение истории Конана.', NULL, 7.2, '6+', NULL, NULL, '1999-10-16'),
('4cf8c60b-90fb-4e9c-b6d4-6b1979027693', 'Принцесса Мононоке', 'Princess Mononoke', 1997, 'feature', 'Аситака ищет исцеление в войне людей и леса.', 133, 8.3, '12+', NULL, 192713455, '1997-07-12'),
('c3333333-3333-3333-3333-333333333333', 'Шёпот сердца', 'Whisper of the Heart', 1995, 'feature', 'Сидзуку влюбляется и ищет своё призвание.', 111, 8.3, '16+', NULL, 736060, '1995-07-15'),
('c4444444-4444-4444-4444-444444444444', 'На старт!', 'On Your Mark', 1995, 'short', 'Полицейские спасают девушку-ангела.', 7, 7.8, '12+', NULL, NULL, '1995-07-15'),
('c5555555-5555-5555-5555-555555555555', 'Помпоко: Война тануки', 'Pom Poko', 1994, 'feature', 'Тануки воюют за свой лес.', 119, 7.7, '12+', NULL, 1279218, '1994-07-16'),
('dd4a8cf5-e4f1-462f-b3b1-28d4c996e3cf', 'Порко Россо', 'Porco Rosso', 1992, 'feature', 'Пилот-свинья охотится на пиратов.', 94, 7.9, '16+', NULL, 1016778, '1992-07-18'),
('c6666666-6666-6666-6666-666666666666', 'Надя с загадочного моря', 'Nadia: Secret of Blue Water', 1990, 'series', 'Надя и камень Голубая Вода.', NULL, 7.4, '12+', NULL, NULL, '1990-04-13'),
('c244e5ad-9991-4f79-9bcb-77bf8abca7ec', 'Ведьмина служба доставки', 'Kiki''s Delivery Service', 1989, 'feature', 'Юная ведьма Кики открывает службу доставки.', 103, 8.1, '6+', NULL, 4512683, '1989-07-29'),
('c8abb1db-8214-4b00-b7df-05d5b8ba0cac', 'Небесный замок Лапута', 'Castle in the Sky', 1986, 'feature', 'Сита и Падзу ищут летающий остров.', 124, 8.3, '12+', NULL, 26083144, '1986-08-02'),
('d3ef7211-9000-4b50-829a-3d3a7d577ede', 'Навсикая из долины ветров', 'Nausicaä', 1984, 'feature', 'Принцесса Навсикая спасает свой народ.', 117, 8.2, '16+', 1000000, 2517316, '1984-03-11'),
('b6bf4eb2-3cc6-4b36-94de-08b0aebc17a1', 'Великий детектив Холмс', 'Sherlock Hound', 1984, 'series', 'Собачий Холмс расследует преступления.', NULL, 6.8, '6+', NULL, NULL, '1984-11-06'),
('2d1b00b6-74bf-4bc1-9f1f-7d96318ce5fe', 'Люпен III: Замок Калиостро', 'Castle of Cagliostro', 1979, 'feature', 'Люпен спасает принцессу Кларису.', 100, 7.7, '12+', NULL, 153581, '1979-12-15'),
('c7777777-7777-7777-7777-777777777777', 'Люпен III: Часть 2', 'Lupin III: Part II', 1977, 'series', 'Люпен и банда ищут сокровища.', NULL, 7.4, '12+', NULL, NULL, '1977-10-03'),
('23327a87-835c-4678-8c44-2bb9cdd76538', 'Панда: Дождливый день в цирке', 'Panda! Go Panda!: Rainy Day Circus', 1973, 'short', 'Панды помогают цирку.', 38, 7.4, '0+', NULL, NULL, '1973-03-17'),
('67a68d8c-1684-4b55-9f7b-9d66c4047f1a', 'Панда большая и маленькая', 'Panda! Go, Panda!', 1972, 'short', 'Мимико удочерена пандой.', 34, 7.7, '0+', NULL, NULL, '1972-12-17'),
('c8888888-8888-8888-8888-888888888888', 'Солнце Юки', 'Yuki''s Sun', 1972, 'short', 'Короткометражка о девочке Юки.', 5, 6.1, '0+', NULL, NULL, '1972-01-01');
-- ПЕРСОНАЖИ (главные герои каждого фильма)
INSERT INTO characters (id, name_ru, name_en, description, first_appearance_year) VALUES
-- Мальчик и птица
('eefa94ca-4ec4-4d9f-9d17-9e8195e23b5d', 'Махито Маки', 'Mahito Maki', 'Мальчик, потерявший мать.', 2023),
('d1111111-1111-1111-1111-111111111111', 'Серая цапля', 'Grey Heron', 'Загадочная говорящая цапля.', 2023),
-- Ветер крепчает
('d2222222-2222-2222-2222-222222222222', 'Дзиро Хорикоси', 'Jiro Horikoshi', 'Авиаконструктор.', 2013),
('d3333333-3333-3333-3333-333333333333', 'Наоко Сатоми', 'Naoko Satomi', 'Возлюбленная Дзиро.', 2013),
-- Со склонов Кокурико
('d4444444-4444-4444-4444-444444444444', 'Уми Мацудзаки', 'Umi Matsuzaki', 'Школьница.', 2011),
('d5555555-5555-5555-5555-555555555555', 'Сюн Кадзама', 'Shun Kazama', 'Школьный активист.', 2011),
-- Ариэтти
('d6666666-6666-6666-6666-666666666666', 'Ариэтти', 'Arrietty', 'Маленькая «добывайка».', 2010),
('d7777777-7777-7777-7777-777777777777', 'Сё', 'Sho', 'Больной мальчик.', 2010),
-- Поньо
('37a2334c-7a3b-41b3-ad0f-0e5c5014cf8a', 'Поньо', 'Ponyo', 'Морская рыбка.', 2008),
('e8c3f9f1-995f-437f-9b19-ef95c0d37afb', 'Сосукэ', 'Sosuke', 'Мальчик.', 2008),
('d8888888-8888-8888-8888-888888888888', 'Фудзимото', 'Fujimoto', 'Отец Поньо.', 2008),
-- Сказания Земноморья
('d9999999-9999-9999-9999-999999999999', 'Аррен', 'Arren', 'Принц Энлада.', 2006),
('da111111-1111-1111-1111-111111111111', 'Гед', 'Ged', 'Верховный маг.', 2006),
('da222222-2222-2222-2222-222222222222', 'Тэру', 'Therru', 'Девочка со шрамом.', 2006),
-- Ходячий замок
('26a5e064-7620-4634-b8a5-d0ee7e546cfa', 'Хаул', 'Howl', 'Волшебник.', 2004),
('6cecc49f-5670-4a37-9539-d8871d8f3881', 'Софи Хаттер', 'Sophie Hatter', 'Девушка под проклятием.', 2004),
('da333333-3333-3333-3333-333333333333', 'Кальцифер', 'Calcifer', 'Огненный демон.', 2004),
-- Мэй и Кот-автобус / Тоторо
('e109da9c-3741-44d4-b7d9-821a3d1d40fd', 'Мэй Кусакабе', 'Mei Kusakabe', 'Младшая сестра.', 1988),
('68b96f76-470c-4b35-b7c3-091c28774034', 'Тоторо', 'Totoro', 'Лесной дух.', 1988),
-- Унесённые призраками
('c51ad1e2-901a-4eec-8826-63d4a45b15a0', 'Чихиро Огино', 'Chihiro Ogino', 'Главная героиня.', 2001),
('5f172b9a-4b80-4dc0-9a63-841f3f492819', 'Хаку', 'Haku', 'Мальчик-дракон.', 2001),
('b8e2224c-3b85-4ff5-a342-3a57b6a569c7', 'Юбаба', 'Yubaba', 'Хозяйка бани.', 2001),
('da444444-4444-4444-4444-444444444444', 'Безликий', 'No-Face', 'Загадочный дух.', 2001),
-- Принцесса Мононоке
('11c0ad48-9fce-4a1b-892d-14528011e0a2', 'Аситака', 'Ashitaka', 'Принц с проклятием.', 1997),
('8b35ec5e-6b65-46ef-9dea-7654374c1a6f', 'Сан', 'San', 'Девушка-волчица.', 1997),
('6b06d5a1-6de0-488a-9ff7-4b0d9782528f', 'Леди Эбоси', 'Lady Eboshi', 'Лидер города.', 1997),
('da555555-5555-5555-5555-555555555555', 'Моро', 'Moro', 'Волчица-богиня.', 1997),
-- Шёпот сердца
('da666666-6666-6666-6666-666666666666', 'Сидзуку Цукисима', 'Shizuku Tsukishima', 'Школьница-писательница.', 1995),
('da777777-7777-7777-7777-777777777777', 'Сэйдзи Амасава', 'Seiji Amasawa', 'Мастер скрипок.', 1995),
('da888888-8888-8888-8888-888888888888', 'Барон', 'Baron', 'Статуэтка кота.', 1995),
-- Порко Россо
('f9c51307-98b7-4d6d-9c9a-0f4d2129e2e8', 'Порко Россо', 'Porco Rosso', 'Пилот-свинья.', 1992),
('da999999-9999-9999-9999-999999999999', 'Фио Пикколо', 'Fio Piccolo', 'Авиаконструктор.', 1992),
('db111111-1111-1111-1111-111111111111', 'Джина', 'Gina', 'Певица.', 1992),
-- Ведьмина служба доставки
('f5646cd2-bc31-470f-a902-8c0f3bd7acd1', 'Кики', 'Kiki', 'Юная ведьма.', 1989),
('db222222-2222-2222-2222-222222222222', 'Дзидзи', 'Jiji', 'Чёрный кот.', 1989),
('db333333-3333-3333-3333-333333333333', 'Томбо', 'Tombo', 'Мальчик-авиатор.', 1989),
-- Небесный замок Лапута
('e4b8dd5a-0b2a-4d59-b041-4746c3a7a678', 'Сита', 'Sheeta', 'Наследница Лапуты.', 1986),
('049be0db-6db0-492c-bc60-988e9df5120b', 'Падзу', 'Pazu', 'Мальчик-шахтёр.', 1986),
('db444444-4444-4444-4444-444444444444', 'Муска', 'Muska', 'Злодей.', 1986),
-- Навсикая
('0d69eb8e-5b84-402f-9b8a-8f1c864e5409', 'Навсикая', 'Nausicaä', 'Принцесса Долины ветров.', 1984),
('db555555-5555-5555-5555-555555555555', 'Асбель', 'Asbel', 'Принц Пежите.', 1984),
('db666666-6666-6666-6666-666666666666', 'Кусяна', 'Kushana', 'Принцесса Тормекии.', 1984),
-- Люпен III
('bc02f75f-279b-446c-bb1d-5bf86de3973c', 'Арсен Люпен III', 'Arsène Lupin III', 'Вор-джентльмен.', 1979),
('cb2bc3e8-75cb-4c30-b470-d5900eefc9e3', 'Кларисса де Калиостро', 'Clarisse de Cagliostro', 'Принцесса.', 1979),
('db777777-7777-7777-7777-777777777777', 'Дайсукэ Дзигэн', 'Daisuke Jigen', 'Стрелок.', 1979),
-- Панда
('db888888-8888-8888-8888-888888888888', 'Мимико', 'Mimiko', 'Девочка-сирота.', 1972),
('db999999-9999-9999-9999-999999999999', 'Папанда', 'Papanda', 'Папа-панда.', 1972),
('dc111111-1111-1111-1111-111111111111', 'Пан', 'Pan', 'Маленький панда.', 1972);

-- ЖАНРЫ
INSERT INTO genres (id, code, title_ru, title_en, description, category) VALUES
('b10d4d68-d70e-4527-9659-0ed935b1a1f2', 'ANIME', 'Аниме', 'Anime', 'Японская анимация', 'Формат'),
('bb4f8fe7-0ec1-4fb3-9ca1-f092cdadf8f3', 'FANTASY', 'Фэнтези', 'Fantasy', 'Волшебные миры', 'Жанр'),
('ca05fa77-5a9b-4a7a-81dd-169c5f9cf82a', 'ADVENTURE', 'Приключения', 'Adventure', 'Путешествия', 'Жанр'),
('f5e8b0c1-559c-45f3-8ff3-2df8df6edc5a', 'DRAMA', 'Драма', 'Drama', 'Эмоциональные истории', 'Жанр'),
('3f708f97-8246-4e2d-b498-18284d888ffa', 'FAMILY', 'Семейный', 'Family', 'Для всей семьи', 'Жанр'),
('a1b2c3d4-e5f6-4a5b-8c9d-0e1f2a3b4c5d', 'MELODRAMA', 'Мелодрама', 'Melodrama', 'Романтика', 'Жанр'),
('b2c3d4e5-f6a7-4b5c-9d0e-1f2a3b4c5d6e', 'CARTOON', 'Мультфильм', 'Cartoon', 'Анимация', 'Формат'),
('c3d4e5f6-a7b8-4c5d-0e1f-2a3b4c5d6e7f', 'DETECTIVE', 'Детектив', 'Detective', 'Расследования', 'Жанр'),
('d4e5f6a7-b8c9-4d5e-1f2a-3b4c5d6e7f8a', 'BIOGRAPHY', 'Биография', 'Biography', 'Реальные люди', 'Жанр'),
('e5f6a7b8-c9d0-4e5f-2a3b-4c5d6e7f8a9b', 'HISTORY', 'История', 'History', 'Исторические', 'Жанр'),
('f6a7b8c9-d0e1-4f6a-3b4c-5d6e7f8a9b0c', 'COMEDY', 'Комедия', 'Comedy', 'Юмор', 'Жанр'),
('a7b8c9d0-e1f2-4a7b-4c5d-6e7f8a9b0c1d', 'ACTION', 'Боевик', 'Action', 'Экшен', 'Жанр'),
('b8c9d0e1-f2a3-4b8c-5d6e-7f8a9b0c1d2e', 'SCI_FI', 'Фантастика', 'Sci-Fi', 'Научная фантастика', 'Жанр'),
('f2a3b4c5-d6e7-4f2a-9b0c-1d2e3f4a5b6c', 'SHORT', 'Короткометражка', 'Short', 'Короткий метр', 'Формат');

-- НАГРАДЫ
INSERT INTO awards (id, name, category, presented_by, year_started, location, prestige_level) VALUES
('e7f67569-3bb0-4bbd-8261-997c463b2d0d', 'Оскар', 'Лучший анимационный фильм', 'Американская академия', 1929, 'США', 10),
('0a5cbe54-7266-44d1-9fd9-0215acd564b9', 'Золотой медведь', 'Главный приз', 'Берлинале', 1951, 'Германия', 9),
('9f0c10bb-2cc5-44c6-a32a-a15a0cb74f6e', 'Золотой лев', 'Главный приз', 'Венеция', 1932, 'Италия', 9),
('1df8e7d3-b9fb-4944-aa33-0db41c6bfc07', 'Annie Award', 'Лучший фильм', 'ASIFA', 1972, 'США', 8);

-- СВЯЗИ ФИЛЬМ-ПЕРСОНА (режиссёры)
INSERT INTO work_persons (work_id, person_id, role, is_primary) VALUES
-- Миядзаки как режиссёр
('22570af5-63fd-416c-b863-7a350cfbda19', '5c329ca6-71a4-4bb8-8b8f-31553378eaef', 'director', true),
('8fd8cfeb-2e05-4a00-9c42-de28b0672d8b', '5c329ca6-71a4-4bb8-8b8f-31553378eaef', 'director', true),
('dfec5738-726f-4f8e-bccc-7351826d1c76', '5c329ca6-71a4-4bb8-8b8f-31553378eaef', 'director', true),
('a9b5bb67-b2a2-42b0-a8d5-ff48b41b2817', '5c329ca6-71a4-4bb8-8b8f-31553378eaef', 'director', true),
('a74bd7e8-4eb9-4f3a-8c3f-9b1f3f74d771', '5c329ca6-71a4-4bb8-8b8f-31553378eaef', 'director', true),
('5c71919a-682e-4eda-b414-291f0af851e5', '5c329ca6-71a4-4bb8-8b8f-31553378eaef', 'director', true),
('6f4731cf-3f58-4d31-bf62-aa944147f1d6', '5c329ca6-71a4-4bb8-8b8f-31553378eaef', 'director', true),
('4cf8c60b-90fb-4e9c-b6d4-6b1979027693', '5c329ca6-71a4-4bb8-8b8f-31553378eaef', 'director', true),
('c4444444-4444-4444-4444-444444444444', '5c329ca6-71a4-4bb8-8b8f-31553378eaef', 'director', true),
('dd4a8cf5-e4f1-462f-b3b1-28d4c996e3cf', '5c329ca6-71a4-4bb8-8b8f-31553378eaef', 'director', true),
('c244e5ad-9991-4f79-9bcb-77bf8abca7ec', '5c329ca6-71a4-4bb8-8b8f-31553378eaef', 'director', true),
('c8abb1db-8214-4b00-b7df-05d5b8ba0cac', '5c329ca6-71a4-4bb8-8b8f-31553378eaef', 'director', true),
('d3ef7211-9000-4b50-829a-3d3a7d577ede', '5c329ca6-71a4-4bb8-8b8f-31553378eaef', 'director', true),
('b6bf4eb2-3cc6-4b36-94de-08b0aebc17a1', '5c329ca6-71a4-4bb8-8b8f-31553378eaef', 'director', true),
('2d1b00b6-74bf-4bc1-9f1f-7d96318ce5fe', '5c329ca6-71a4-4bb8-8b8f-31553378eaef', 'director', true),
-- Горо Миядзаки
('0d06e223-1ea3-4fb0-b476-52ce274235a5', '781d9f24-6ef1-4eb2-a2d0-226c5dba34a8', 'director', true),
('b7777777-7777-7777-7777-777777777777', '781d9f24-6ef1-4eb2-a2d0-226c5dba34a8', 'director', true),
-- Ёсифуми Кондо
('c3333333-3333-3333-3333-333333333333', 'a1111111-1111-1111-1111-111111111111', 'director', true),
-- Хиромаса Ёнэбаяси
('b1111111-1111-1111-1111-111111111111', 'a2222222-2222-2222-2222-222222222222', 'director', true),
-- Исао Такахата
('c5555555-5555-5555-5555-555555555555', 'c4ef9f02-7cbe-4e2a-b4de-9777084ffcf0', 'director', true),
('67a68d8c-1684-4b55-9f7b-9d66c4047f1a', 'c4ef9f02-7cbe-4e2a-b4de-9777084ffcf0', 'director', true),
('23327a87-835c-4678-8c44-2bb9cdd76538', 'c4ef9f02-7cbe-4e2a-b4de-9777084ffcf0', 'director', true);

-- СВЯЗИ ФИЛЬМ-ПЕРСОНАЖ
INSERT INTO work_characters (work_id, character_id, importance) VALUES
-- Мальчик и птица
('22570af5-63fd-416c-b863-7a350cfbda19', 'eefa94ca-4ec4-4d9f-9d17-9e8195e23b5d', 'main'),
('22570af5-63fd-416c-b863-7a350cfbda19', 'd1111111-1111-1111-1111-111111111111', 'main'),
-- Ветер крепчает
('dfec5738-726f-4f8e-bccc-7351826d1c76', 'd2222222-2222-2222-2222-222222222222', 'main'),
('dfec5738-726f-4f8e-bccc-7351826d1c76', 'd3333333-3333-3333-3333-333333333333', 'main'),
-- Со склонов Кокурико
('0d06e223-1ea3-4fb0-b476-52ce274235a5', 'd4444444-4444-4444-4444-444444444444', 'main'),
('0d06e223-1ea3-4fb0-b476-52ce274235a5', 'd5555555-5555-5555-5555-555555555555', 'main'),
-- Ариэтти
('b1111111-1111-1111-1111-111111111111', 'd6666666-6666-6666-6666-666666666666', 'main'),
('b1111111-1111-1111-1111-111111111111', 'd7777777-7777-7777-7777-777777777777', 'main'),
-- Поньо
('a9b5bb67-b2a2-42b0-a8d5-ff48b41b2817', '37a2334c-7a3b-41b3-ad0f-0e5c5014cf8a', 'main'),
('a9b5bb67-b2a2-42b0-a8d5-ff48b41b2817', 'e8c3f9f1-995f-437f-9b19-ef95c0d37afb', 'main'),
('a9b5bb67-b2a2-42b0-a8d5-ff48b41b2817', 'd8888888-8888-8888-8888-888888888888', 'supporting'),
-- Сказания Земноморья
('b7777777-7777-7777-7777-777777777777', 'd9999999-9999-9999-9999-999999999999', 'main'),
('b7777777-7777-7777-7777-777777777777', 'da111111-1111-1111-1111-111111111111', 'main'),
('b7777777-7777-7777-7777-777777777777', 'da222222-2222-2222-2222-222222222222', 'main'),
-- Ходячий замок
('a74bd7e8-4eb9-4f3a-8c3f-9b1f3f74d771', '26a5e064-7620-4634-b8a5-d0ee7e546cfa', 'main'),
('a74bd7e8-4eb9-4f3a-8c3f-9b1f3f74d771', '6cecc49f-5670-4a37-9539-d8871d8f3881', 'main'),
('a74bd7e8-4eb9-4f3a-8c3f-9b1f3f74d771', 'da333333-3333-3333-3333-333333333333', 'supporting'),
-- Мэй и Кот-автобус
('5c71919a-682e-4eda-b414-291f0af851e5', 'e109da9c-3741-44d4-b7d9-821a3d1d40fd', 'main'),
('5c71919a-682e-4eda-b414-291f0af851e5', '68b96f76-470c-4b35-b7c3-091c28774034', 'main'),
-- Унесённые призраками
('6f4731cf-3f58-4d31-bf62-aa944147f1d6', 'c51ad1e2-901a-4eec-8826-63d4a45b15a0', 'main'),
('6f4731cf-3f58-4d31-bf62-aa944147f1d6', '5f172b9a-4b80-4dc0-9a63-841f3f492819', 'main'),
('6f4731cf-3f58-4d31-bf62-aa944147f1d6', 'b8e2224c-3b85-4ff5-a342-3a57b6a569c7', 'antagonist'),
('6f4731cf-3f58-4d31-bf62-aa944147f1d6', 'da444444-4444-4444-4444-444444444444', 'supporting'),
-- Принцесса Мононоке
('4cf8c60b-90fb-4e9c-b6d4-6b1979027693', '11c0ad48-9fce-4a1b-892d-14528011e0a2', 'main'),
('4cf8c60b-90fb-4e9c-b6d4-6b1979027693', '8b35ec5e-6b65-46ef-9dea-7654374c1a6f', 'main'),
('4cf8c60b-90fb-4e9c-b6d4-6b1979027693', '6b06d5a1-6de0-488a-9ff7-4b0d9782528f', 'rival'),
('4cf8c60b-90fb-4e9c-b6d4-6b1979027693', 'da555555-5555-5555-5555-555555555555', 'supporting'),
-- Шёпот сердца
('c3333333-3333-3333-3333-333333333333', 'da666666-6666-6666-6666-666666666666', 'main'),
('c3333333-3333-3333-3333-333333333333', 'da777777-7777-7777-7777-777777777777', 'main'),
('c3333333-3333-3333-3333-333333333333', 'da888888-8888-8888-8888-888888888888', 'supporting'),
-- Помпоко
-- Порко Россо
('dd4a8cf5-e4f1-462f-b3b1-28d4c996e3cf', 'f9c51307-98b7-4d6d-9c9a-0f4d2129e2e8', 'main'),
('dd4a8cf5-e4f1-462f-b3b1-28d4c996e3cf', 'da999999-9999-9999-9999-999999999999', 'main'),
('dd4a8cf5-e4f1-462f-b3b1-28d4c996e3cf', 'db111111-1111-1111-1111-111111111111', 'supporting'),
-- Ведьмина служба доставки
('c244e5ad-9991-4f79-9bcb-77bf8abca7ec', 'f5646cd2-bc31-470f-a902-8c0f3bd7acd1', 'main'),
('c244e5ad-9991-4f79-9bcb-77bf8abca7ec', 'db222222-2222-2222-2222-222222222222', 'main'),
('c244e5ad-9991-4f79-9bcb-77bf8abca7ec', 'db333333-3333-3333-3333-333333333333', 'supporting'),
-- Небесный замок Лапута
('c8abb1db-8214-4b00-b7df-05d5b8ba0cac', 'e4b8dd5a-0b2a-4d59-b041-4746c3a7a678', 'main'),
('c8abb1db-8214-4b00-b7df-05d5b8ba0cac', '049be0db-6db0-492c-bc60-988e9df5120b', 'main'),
('c8abb1db-8214-4b00-b7df-05d5b8ba0cac', 'db444444-4444-4444-4444-444444444444', 'antagonist'),
-- Навсикая
('d3ef7211-9000-4b50-829a-3d3a7d577ede', '0d69eb8e-5b84-402f-9b8a-8f1c864e5409', 'main'),
('d3ef7211-9000-4b50-829a-3d3a7d577ede', 'db555555-5555-5555-5555-555555555555', 'supporting'),
('d3ef7211-9000-4b50-829a-3d3a7d577ede', 'db666666-6666-6666-6666-666666666666', 'rival'),
-- Люпен III: Замок Калиостро
('2d1b00b6-74bf-4bc1-9f1f-7d96318ce5fe', 'bc02f75f-279b-446c-bb1d-5bf86de3973c', 'main'),
('2d1b00b6-74bf-4bc1-9f1f-7d96318ce5fe', 'cb2bc3e8-75cb-4c30-b470-d5900eefc9e3', 'main'),
('2d1b00b6-74bf-4bc1-9f1f-7d96318ce5fe', 'db777777-7777-7777-7777-777777777777', 'supporting'),
-- Панда большая и маленькая
('67a68d8c-1684-4b55-9f7b-9d66c4047f1a', 'db888888-8888-8888-8888-888888888888', 'main'),
('67a68d8c-1684-4b55-9f7b-9d66c4047f1a', 'db999999-9999-9999-9999-999999999999', 'main'),
('67a68d8c-1684-4b55-9f7b-9d66c4047f1a', 'dc111111-1111-1111-1111-111111111111', 'main'),
-- Панда: Дождливый день в цирке
('23327a87-835c-4678-8c44-2bb9cdd76538', 'db888888-8888-8888-8888-888888888888', 'main'),
('23327a87-835c-4678-8c44-2bb9cdd76538', 'db999999-9999-9999-9999-999999999999', 'main'),
('23327a87-835c-4678-8c44-2bb9cdd76538', 'dc111111-1111-1111-1111-111111111111', 'main');

-- ЖАНРЫ ФИЛЬМОВ
INSERT INTO work_genres (work_id, genre_id) VALUES
-- Мальчик и птица
('22570af5-63fd-416c-b863-7a350cfbda19', 'b10d4d68-d70e-4527-9659-0ed935b1a1f2'),
('22570af5-63fd-416c-b863-7a350cfbda19', 'bb4f8fe7-0ec1-4fb3-9ca1-f092cdadf8f3'),
('22570af5-63fd-416c-b863-7a350cfbda19', 'f5e8b0c1-559c-45f3-8ff3-2df8df6edc5a'),
-- Ветер крепчает
('dfec5738-726f-4f8e-bccc-7351826d1c76', 'b10d4d68-d70e-4527-9659-0ed935b1a1f2'),
('dfec5738-726f-4f8e-bccc-7351826d1c76', 'd4e5f6a7-b8c9-4d5e-1f2a-3b4c5d6e7f8a'),
('dfec5738-726f-4f8e-bccc-7351826d1c76', 'f5e8b0c1-559c-45f3-8ff3-2df8df6edc5a'),
-- Унесённые призраками
('6f4731cf-3f58-4d31-bf62-aa944147f1d6', 'b10d4d68-d70e-4527-9659-0ed935b1a1f2'),
('6f4731cf-3f58-4d31-bf62-aa944147f1d6', 'bb4f8fe7-0ec1-4fb3-9ca1-f092cdadf8f3'),
('6f4731cf-3f58-4d31-bf62-aa944147f1d6', 'ca05fa77-5a9b-4a7a-81dd-169c5f9cf82a'),
-- Принцесса Мононоке
('4cf8c60b-90fb-4e9c-b6d4-6b1979027693', 'b10d4d68-d70e-4527-9659-0ed935b1a1f2'),
('4cf8c60b-90fb-4e9c-b6d4-6b1979027693', 'bb4f8fe7-0ec1-4fb3-9ca1-f092cdadf8f3'),
('4cf8c60b-90fb-4e9c-b6d4-6b1979027693', 'f5e8b0c1-559c-45f3-8ff3-2df8df6edc5a'),
-- Ходячий замок
('a74bd7e8-4eb9-4f3a-8c3f-9b1f3f74d771', 'b10d4d68-d70e-4527-9659-0ed935b1a1f2'),
('a74bd7e8-4eb9-4f3a-8c3f-9b1f3f74d771', 'bb4f8fe7-0ec1-4fb3-9ca1-f092cdadf8f3'),
('a74bd7e8-4eb9-4f3a-8c3f-9b1f3f74d771', 'a1b2c3d4-e5f6-4a5b-8c9d-0e1f2a3b4c5d'),
-- Поньо
('a9b5bb67-b2a2-42b0-a8d5-ff48b41b2817', 'b10d4d68-d70e-4527-9659-0ed935b1a1f2'),
('a9b5bb67-b2a2-42b0-a8d5-ff48b41b2817', 'bb4f8fe7-0ec1-4fb3-9ca1-f092cdadf8f3'),
('a9b5bb67-b2a2-42b0-a8d5-ff48b41b2817', '3f708f97-8246-4e2d-b498-18284d888ffa'),
-- Кики
('c244e5ad-9991-4f79-9bcb-77bf8abca7ec', 'b10d4d68-d70e-4527-9659-0ed935b1a1f2'),
('c244e5ad-9991-4f79-9bcb-77bf8abca7ec', 'bb4f8fe7-0ec1-4fb3-9ca1-f092cdadf8f3'),
('c244e5ad-9991-4f79-9bcb-77bf8abca7ec', '3f708f97-8246-4e2d-b498-18284d888ffa'),
-- Лапута
('c8abb1db-8214-4b00-b7df-05d5b8ba0cac', 'b10d4d68-d70e-4527-9659-0ed935b1a1f2'),
('c8abb1db-8214-4b00-b7df-05d5b8ba0cac', 'bb4f8fe7-0ec1-4fb3-9ca1-f092cdadf8f3'),
('c8abb1db-8214-4b00-b7df-05d5b8ba0cac', 'ca05fa77-5a9b-4a7a-81dd-169c5f9cf82a'),
-- Навсикая
('d3ef7211-9000-4b50-829a-3d3a7d577ede', 'b10d4d68-d70e-4527-9659-0ed935b1a1f2'),
('d3ef7211-9000-4b50-829a-3d3a7d577ede', 'bb4f8fe7-0ec1-4fb3-9ca1-f092cdadf8f3'),
('d3ef7211-9000-4b50-829a-3d3a7d577ede', 'ca05fa77-5a9b-4a7a-81dd-169c5f9cf82a'),
-- Порко Россо
('dd4a8cf5-e4f1-462f-b3b1-28d4c996e3cf', 'b10d4d68-d70e-4527-9659-0ed935b1a1f2'),
('dd4a8cf5-e4f1-462f-b3b1-28d4c996e3cf', 'ca05fa77-5a9b-4a7a-81dd-169c5f9cf82a'),
('dd4a8cf5-e4f1-462f-b3b1-28d4c996e3cf', 'f6a7b8c9-d0e1-4f6a-3b4c-5d6e7f8a9b0c'),
-- Люпен III
('2d1b00b6-74bf-4bc1-9f1f-7d96318ce5fe', 'b10d4d68-d70e-4527-9659-0ed935b1a1f2'),
('2d1b00b6-74bf-4bc1-9f1f-7d96318ce5fe', 'ca05fa77-5a9b-4a7a-81dd-169c5f9cf82a'),
('2d1b00b6-74bf-4bc1-9f1f-7d96318ce5fe', 'c3d4e5f6-a7b8-4c5d-0e1f-2a3b4c5d6e7f');

-- НАГРАДЫ ФИЛЬМОВ
INSERT INTO work_awards (work_id, award_id, award_year, result) VALUES
('22570af5-63fd-416c-b863-7a350cfbda19', 'e7f67569-3bb0-4bbd-8261-997c463b2d0d', 2024, 'winner'),
('6f4731cf-3f58-4d31-bf62-aa944147f1d6', 'e7f67569-3bb0-4bbd-8261-997c463b2d0d', 2003, 'winner'),
('6f4731cf-3f58-4d31-bf62-aa944147f1d6', '0a5cbe54-7266-44d1-9fd9-0215acd564b9', 2002, 'winner'),
('a74bd7e8-4eb9-4f3a-8c3f-9b1f3f74d771', 'e7f67569-3bb0-4bbd-8261-997c463b2d0d', 2006, 'nominee'),
('dfec5738-726f-4f8e-bccc-7351826d1c76', 'e7f67569-3bb0-4bbd-8261-997c463b2d0d', 2014, 'nominee');
-- Полный seed для базы данных Миядзаки
-- Включает всех персон и связи

-- ============ ДОПОЛНИТЕЛЬНЫЕ ПЕРСОНЫ ============
INSERT INTO persons (id, full_name_ru, full_name_en, roles, country) VALUES
-- Операторы
('d0000001-0000-0000-0000-000000000001', 'Ацуси Окуи', 'Atsushi Okui', '{"roles":["cinematographer"]}', 'Япония'),
('d0000034-0000-0000-0000-000000000034', 'Сигэо Сугимура', 'Shigeo Sugimura', '{"roles":["cinematographer"]}', 'Япония'),
('d0000022-0000-0000-0000-000000000022', 'Хидэнори Сибахара', 'Hidenori Shibahara', '{"roles":["cinematographer"]}', 'Япония'),
('d0000045-0000-0000-0000-000000000045', 'Хироката Такахаси', 'Hirokata Takahashi', '{"roles":["cinematographer"]}', 'Япония'),
-- Монтажёры
('d0000002-0000-0000-0000-000000000002', 'Такэси Сэяма', 'Takeshi Seyama', '{"roles":["editor"]}', 'Япония'),
('d0000006-0000-0000-0000-000000000006', 'Риэ Мацубара', 'Rie Matsubara', '{"roles":["editor"]}', 'Япония'),
('d0000007-0000-0000-0000-000000000007', 'Аканэ Сираиси', 'Akane Shiraishi', '{"roles":["editor"]}', 'Япония'),
('d0000039-0000-0000-0000-000000000039', 'Наоки Канэко', 'Naoki Kaneko', '{"roles":["editor"]}', 'Япония'),
('d0000050-0000-0000-0000-000000000050', 'Ёсихиса Цурубути', 'Yoshihisa Tsuruubuchi', '{"roles":["editor"]}', 'Япония'),
('d0000053-0000-0000-0000-000000000053', 'Кадзуо Иноуэ', 'Kazuo Inoue', '{"roles":["editor"]}', 'Япония'),
-- Художники
('d0000003-0000-0000-0000-000000000003', 'Ёдзи Такэсигэ', 'Yoji Takeshige', '{"roles":["art_director"]}', 'Япония'),
('d0000004-0000-0000-0000-000000000004', 'Нобору Ёсида', 'Noboru Yoshida', '{"roles":["art_director"]}', 'Япония'),
('d0000005-0000-0000-0000-000000000005', 'Такэси Хонда', 'Takeshi Honda', '{"roles":["art_director"]}', 'Япония'),
('d0000016-0000-0000-0000-000000000016', 'Наоя Танака', 'Naoya Tanaka', '{"roles":["art_director"]}', 'Япония'),
('d0000018-0000-0000-0000-000000000018', 'Ёити Ватанабэ', 'Yoichi Watanabe', '{"roles":["art_director"]}', 'Япония'),
('d0000020-0000-0000-0000-000000000020', 'Саяка Хирахара', 'Sayaka Hirahara', '{"roles":["art_director"]}', 'Япония'),
('d0000024-0000-0000-0000-000000000024', 'Рёко Ина', 'Ryoko Ina', '{"roles":["art_director"]}', 'Япония'),
('d0000026-0000-0000-0000-000000000026', 'Сатоси Курода', 'Satoshi Kuroda', '{"roles":["art_director"]}', 'Япония'),
('d0000027-0000-0000-0000-000000000027', 'Кадзуо Ога', 'Kazuo Oga', '{"roles":["art_director"]}', 'Япония'),
('d0000030-0000-0000-0000-000000000030', 'Кацу Хисамура', 'Katsu Hisamura', '{"roles":["art_director"]}', 'Япония'),
('d0000035-0000-0000-0000-000000000035', 'Хироси Оно', 'Hiroshi Ohno', '{"roles":["art_director"]}', 'Япония'),
('d0000038-0000-0000-0000-000000000038', 'Мицуки Накамура', 'Mitsuki Nakamura', '{"roles":["art_director"]}', 'Япония'),
('d0000043-0000-0000-0000-000000000043', 'Дзин Кагэяма', 'Jin Kageyama', '{"roles":["art_director"]}', 'Япония'),
('d0000044-0000-0000-0000-000000000044', 'Нидзо Ямамото', 'Nizo Yamamoto', '{"roles":["art_director"]}', 'Япония'),
('d0000049-0000-0000-0000-000000000049', 'Ситиро Кобаяси', 'Shichiro Kobayashi', '{"roles":["art_director"]}', 'Япония'),
('d0000052-0000-0000-0000-000000000052', 'Хисао Фукуда', 'Hisao Fukuda', '{"roles":["art_director"]}', 'Япония'),
-- Продюсеры
('d0000008-0000-0000-0000-000000000008', 'Кодзи Хосино', 'Koji Hoshino', '{"roles":["producer"]}', 'Япония'),
('d0000009-0000-0000-0000-000000000009', 'Наоя Фудзимаки', 'Naoya Fujimaki', '{"roles":["producer"]}', 'Япония'),
('d0000010-0000-0000-0000-000000000010', 'Рёити Фукуяма', 'Ryoichi Fukuyama', '{"roles":["producer"]}', 'Япония'),
('d0000023-0000-0000-0000-000000000023', 'Томохико Исии', 'Tomohiko Ishii', '{"roles":["producer"]}', 'Япония'),
('d0000033-0000-0000-0000-000000000033', 'Тору Хара', 'Toru Hara', '{"roles":["producer"]}', 'Япония'),
('d0000037-0000-0000-0000-000000000037', 'Митио Кондо', 'Michio Kondo', '{"roles":["producer"]}', 'Япония'),
('d0000055-0000-0000-0000-000000000055', 'Кэндзи Имура', 'Kenji Imura', '{"roles":["producer"]}', 'Япония'),
('d0000077-0000-0000-0000-000000000077', 'Тэцуо Катаяма', 'Tetsuo Katayama', '{"roles":["producer"]}', 'Япония'),
('d0000078-0000-0000-0000-000000000078', 'Ютака Фудзиока', 'Yutaka Fujioka', '{"roles":["producer"]}', 'Япония'),
-- Композиторы
('d0000011-0000-0000-0000-000000000011', 'Сатоси Такэбэ', 'Satoshi Takebe', '{"roles":["composer"]}', 'Япония'),
('d0000014-0000-0000-0000-000000000014', 'Сесиль Корбель', 'Cecile Corbel', '{"roles":["composer"]}', 'Франция'),
('d0000015-0000-0000-0000-000000000015', 'Манто Ватанобэ', 'Manto Watanobe', '{"roles":["composer"]}', 'Япония'),
('d0000017-0000-0000-0000-000000000017', 'Юрико Накамура', 'Yuriko Nakamura', '{"roles":["composer"]}', 'Япония'),
('d0000019-0000-0000-0000-000000000019', 'Рио Ямасэ', 'Rio Yamase', '{"roles":["composer"]}', 'Япония'),
('d0000021-0000-0000-0000-000000000021', 'Тамия Тэрасима', 'Tamiya Terashima', '{"roles":["composer"]}', 'Япония'),
('d0000025-0000-0000-0000-000000000025', 'Юдзи Номи', 'Yuji Nomi', '{"roles":["composer"]}', 'Япония'),
('d0000028-0000-0000-0000-000000000028', 'Рио Асука', 'Rio Asuka', '{"roles":["composer"]}', 'Япония'),
('d0000029-0000-0000-0000-000000000029', 'Shang Shang Typhoon', 'Shang Shang Typhoon', '{"roles":["composer"]}', 'Япония'),
('d0000031-0000-0000-0000-000000000031', 'Сиро Сагису', 'Shiro Sagisu', '{"roles":["composer"]}', 'Япония'),
('d0000042-0000-0000-0000-000000000042', 'Кэнтаро Ханэда', 'Kentaro Haneda', '{"roles":["composer"]}', 'Япония'),
('d0000048-0000-0000-0000-000000000048', 'Юдзи Оно', 'Yuji Ohno', '{"roles":["composer"]}', 'Япония'),
('d0000051-0000-0000-0000-000000000051', 'Масахико Сато', 'Masahiko Sato', '{"roles":["composer"]}', 'Япония'),
-- Сценаристы
('d0000012-0000-0000-0000-000000000012', 'Тэцуро Саяма', 'Tetsuro Sayama', '{"roles":["screenwriter"]}', 'Япония'),
('d0000013-0000-0000-0000-000000000013', 'Кэйко Нива', 'Keiko Niwa', '{"roles":["screenwriter"]}', 'Япония'),
('d0000032-0000-0000-0000-000000000032', 'Эико Кадоно', 'Eiko Kadono', '{"roles":["screenwriter"]}', 'Япония'),
('d0000036-0000-0000-0000-000000000036', 'Кадзунори Ито', 'Kazunori Ito', '{"roles":["screenwriter"]}', 'Япония'),
('d0000046-0000-0000-0000-000000000046', 'Харуя Ямадзаки', 'Haruya Yamazaki', '{"roles":["screenwriter"]}', 'Япония'),
('d0000047-0000-0000-0000-000000000047', 'Манки Панч', 'Monkey Punch', '{"roles":["screenwriter"]}', 'Япония'),
('d0000054-0000-0000-0000-000000000054', 'Тэцуя Тиба', 'Tetsuya Chiba', '{"roles":["screenwriter"]}', 'Япония'),
-- Режиссёры
('d0000040-0000-0000-0000-000000000040', 'Кёсукэ Микурия', 'Kyosuke Mikuriya', '{"roles":["director"]}', 'Япония'),
('d0000041-0000-0000-0000-000000000041', 'Кэйдзи Хаякава', 'Keiji Hayakawa', '{"roles":["director"]}', 'Япония')
ON CONFLICT (id) DO UPDATE SET full_name_ru = EXCLUDED.full_name_ru, full_name_en = EXCLUDED.full_name_en;

-- ============ ПОЛНЫЕ СВЯЗИ WORK_PERSONS ============
-- Сначала очистим старые связи и добавим новые
DELETE FROM work_persons;

INSERT INTO work_persons (work_id, person_id, role, is_primary) VALUES
-- ===== Мальчик и птица (2023) =====
('22570af5-63fd-416c-b863-7a350cfbda19', '5c329ca6-71a4-4bb8-8b8f-31553378eaef', 'director', true),
('22570af5-63fd-416c-b863-7a350cfbda19', '5c329ca6-71a4-4bb8-8b8f-31553378eaef', 'screenwriter', true),
('22570af5-63fd-416c-b863-7a350cfbda19', '2c2f14bd-5aab-4ad5-9bb5-0667d6613a7b', 'producer', true),
('22570af5-63fd-416c-b863-7a350cfbda19', '781d9f24-6ef1-4eb2-a2d0-226c5dba34a8', 'producer', false),
('22570af5-63fd-416c-b863-7a350cfbda19', 'd0000008-0000-0000-0000-000000000008', 'producer', false),
('22570af5-63fd-416c-b863-7a350cfbda19', '9f6dc2bd-4045-41a1-9aa1-8e2d3ec9ad11', 'composer', true),
('22570af5-63fd-416c-b863-7a350cfbda19', 'd0000001-0000-0000-0000-000000000001', 'cinematographer', true),
('22570af5-63fd-416c-b863-7a350cfbda19', 'd0000003-0000-0000-0000-000000000003', 'art_director', true),
('22570af5-63fd-416c-b863-7a350cfbda19', 'd0000004-0000-0000-0000-000000000004', 'art_director', false),
('22570af5-63fd-416c-b863-7a350cfbda19', 'd0000005-0000-0000-0000-000000000005', 'art_director', false),
('22570af5-63fd-416c-b863-7a350cfbda19', 'd0000006-0000-0000-0000-000000000006', 'editor', true),
('22570af5-63fd-416c-b863-7a350cfbda19', 'd0000002-0000-0000-0000-000000000002', 'editor', false),
('22570af5-63fd-416c-b863-7a350cfbda19', 'd0000007-0000-0000-0000-000000000007', 'editor', false),

-- ===== Гусеница Боро (2018) =====
('8fd8cfeb-2e05-4a00-9c42-de28b0672d8b', '5c329ca6-71a4-4bb8-8b8f-31553378eaef', 'director', true),
('8fd8cfeb-2e05-4a00-9c42-de28b0672d8b', '5c329ca6-71a4-4bb8-8b8f-31553378eaef', 'screenwriter', true),
('8fd8cfeb-2e05-4a00-9c42-de28b0672d8b', '2c2f14bd-5aab-4ad5-9bb5-0667d6613a7b', 'producer', true),
('8fd8cfeb-2e05-4a00-9c42-de28b0672d8b', '9f6dc2bd-4045-41a1-9aa1-8e2d3ec9ad11', 'composer', true),

-- ===== Ветер крепчает (2013) =====
('dfec5738-726f-4f8e-bccc-7351826d1c76', '5c329ca6-71a4-4bb8-8b8f-31553378eaef', 'director', true),
('dfec5738-726f-4f8e-bccc-7351826d1c76', '5c329ca6-71a4-4bb8-8b8f-31553378eaef', 'screenwriter', true),
('dfec5738-726f-4f8e-bccc-7351826d1c76', '2c2f14bd-5aab-4ad5-9bb5-0667d6613a7b', 'producer', true),
('dfec5738-726f-4f8e-bccc-7351826d1c76', 'd0000009-0000-0000-0000-000000000009', 'producer', false),
('dfec5738-726f-4f8e-bccc-7351826d1c76', 'd0000010-0000-0000-0000-000000000010', 'producer', false),
('dfec5738-726f-4f8e-bccc-7351826d1c76', '9f6dc2bd-4045-41a1-9aa1-8e2d3ec9ad11', 'composer', true),
('dfec5738-726f-4f8e-bccc-7351826d1c76', 'd0000001-0000-0000-0000-000000000001', 'cinematographer', true),
('dfec5738-726f-4f8e-bccc-7351826d1c76', 'd0000003-0000-0000-0000-000000000003', 'art_director', true),
('dfec5738-726f-4f8e-bccc-7351826d1c76', 'd0000002-0000-0000-0000-000000000002', 'editor', true),

-- ===== Со склонов Кокурико (2011) =====
('0d06e223-1ea3-4fb0-b476-52ce274235a5', '781d9f24-6ef1-4eb2-a2d0-226c5dba34a8', 'director', true),
('0d06e223-1ea3-4fb0-b476-52ce274235a5', '5c329ca6-71a4-4bb8-8b8f-31553378eaef', 'screenwriter', true),
('0d06e223-1ea3-4fb0-b476-52ce274235a5', 'd0000012-0000-0000-0000-000000000012', 'screenwriter', false),
('0d06e223-1ea3-4fb0-b476-52ce274235a5', 'd0000013-0000-0000-0000-000000000013', 'screenwriter', false),
('0d06e223-1ea3-4fb0-b476-52ce274235a5', '2c2f14bd-5aab-4ad5-9bb5-0667d6613a7b', 'producer', true),
('0d06e223-1ea3-4fb0-b476-52ce274235a5', 'd0000011-0000-0000-0000-000000000011', 'composer', true),
('0d06e223-1ea3-4fb0-b476-52ce274235a5', 'd0000001-0000-0000-0000-000000000001', 'cinematographer', true),
('0d06e223-1ea3-4fb0-b476-52ce274235a5', 'd0000002-0000-0000-0000-000000000002', 'editor', true),

-- ===== Ариэтти (2010) =====
('b1111111-1111-1111-1111-111111111111', 'a2222222-2222-2222-2222-222222222222', 'director', true),
('b1111111-1111-1111-1111-111111111111', '5c329ca6-71a4-4bb8-8b8f-31553378eaef', 'screenwriter', true),
('b1111111-1111-1111-1111-111111111111', 'd0000013-0000-0000-0000-000000000013', 'screenwriter', false),
('b1111111-1111-1111-1111-111111111111', '2c2f14bd-5aab-4ad5-9bb5-0667d6613a7b', 'producer', true),
('b1111111-1111-1111-1111-111111111111', 'd0000014-0000-0000-0000-000000000014', 'composer', true),
('b1111111-1111-1111-1111-111111111111', 'd0000001-0000-0000-0000-000000000001', 'cinematographer', true),
('b1111111-1111-1111-1111-111111111111', 'd0000003-0000-0000-0000-000000000003', 'art_director', true),
('b1111111-1111-1111-1111-111111111111', 'd0000004-0000-0000-0000-000000000004', 'art_director', false),
('b1111111-1111-1111-1111-111111111111', 'd0000006-0000-0000-0000-000000000006', 'editor', true),

-- ===== Мистер Тесто (2010) =====
('b2222222-2222-2222-2222-222222222222', '5c329ca6-71a4-4bb8-8b8f-31553378eaef', 'director', true),
('b2222222-2222-2222-2222-222222222222', '5c329ca6-71a4-4bb8-8b8f-31553378eaef', 'screenwriter', true),
('b2222222-2222-2222-2222-222222222222', '2c2f14bd-5aab-4ad5-9bb5-0667d6613a7b', 'producer', true),
('b2222222-2222-2222-2222-222222222222', '9f6dc2bd-4045-41a1-9aa1-8e2d3ec9ad11', 'composer', true),
('b2222222-2222-2222-2222-222222222222', 'd0000001-0000-0000-0000-000000000001', 'cinematographer', true),
('b2222222-2222-2222-2222-222222222222', 'd0000003-0000-0000-0000-000000000003', 'art_director', true),
('b2222222-2222-2222-2222-222222222222', 'd0000002-0000-0000-0000-000000000002', 'editor', true),

-- ===== Мышиное сумо (2010) =====
('b3333333-3333-3333-3333-333333333333', 'a4444444-4444-4444-4444-444444444444', 'director', true),
('b3333333-3333-3333-3333-333333333333', '5c329ca6-71a4-4bb8-8b8f-31553378eaef', 'screenwriter', true),
('b3333333-3333-3333-3333-333333333333', '2c2f14bd-5aab-4ad5-9bb5-0667d6613a7b', 'producer', true),
('b3333333-3333-3333-3333-333333333333', 'd0000015-0000-0000-0000-000000000015', 'composer', true),
('b3333333-3333-3333-3333-333333333333', 'd0000016-0000-0000-0000-000000000016', 'art_director', true),

-- ===== Рыбка Поньо (2008) =====
('a9b5bb67-b2a2-42b0-a8d5-ff48b41b2817', '5c329ca6-71a4-4bb8-8b8f-31553378eaef', 'director', true),
('a9b5bb67-b2a2-42b0-a8d5-ff48b41b2817', '5c329ca6-71a4-4bb8-8b8f-31553378eaef', 'screenwriter', true),
('a9b5bb67-b2a2-42b0-a8d5-ff48b41b2817', '2c2f14bd-5aab-4ad5-9bb5-0667d6613a7b', 'producer', true),
('a9b5bb67-b2a2-42b0-a8d5-ff48b41b2817', '9f6dc2bd-4045-41a1-9aa1-8e2d3ec9ad11', 'composer', true),
('a9b5bb67-b2a2-42b0-a8d5-ff48b41b2817', 'd0000001-0000-0000-0000-000000000001', 'cinematographer', true),
('a9b5bb67-b2a2-42b0-a8d5-ff48b41b2817', 'd0000004-0000-0000-0000-000000000004', 'art_director', true),
('a9b5bb67-b2a2-42b0-a8d5-ff48b41b2817', 'd0000002-0000-0000-0000-000000000002', 'editor', true),

-- ===== День, когда я приобрела звезду (2006) =====
('b4444444-4444-4444-4444-444444444444', '5c329ca6-71a4-4bb8-8b8f-31553378eaef', 'director', true),
('b4444444-4444-4444-4444-444444444444', '5c329ca6-71a4-4bb8-8b8f-31553378eaef', 'screenwriter', true),
('b4444444-4444-4444-4444-444444444444', '2c2f14bd-5aab-4ad5-9bb5-0667d6613a7b', 'producer', true),
('b4444444-4444-4444-4444-444444444444', 'd0000017-0000-0000-0000-000000000017', 'composer', true),

-- ===== Водяной паук Мон-мон (2006) =====
('b5555555-5555-5555-5555-555555555555', '5c329ca6-71a4-4bb8-8b8f-31553378eaef', 'director', true),
('b5555555-5555-5555-5555-555555555555', '5c329ca6-71a4-4bb8-8b8f-31553378eaef', 'screenwriter', true),
('b5555555-5555-5555-5555-555555555555', '2c2f14bd-5aab-4ad5-9bb5-0667d6613a7b', 'producer', true),
('b5555555-5555-5555-5555-555555555555', 'd0000019-0000-0000-0000-000000000019', 'composer', true),
('b5555555-5555-5555-5555-555555555555', 'd0000018-0000-0000-0000-000000000018', 'art_director', true),

-- ===== В поисках дома (2006) =====
('b6666666-6666-6666-6666-666666666666', '5c329ca6-71a4-4bb8-8b8f-31553378eaef', 'director', true),
('b6666666-6666-6666-6666-666666666666', '5c329ca6-71a4-4bb8-8b8f-31553378eaef', 'screenwriter', true),
('b6666666-6666-6666-6666-666666666666', '2c2f14bd-5aab-4ad5-9bb5-0667d6613a7b', 'producer', true),
('b6666666-6666-6666-6666-666666666666', 'd0000020-0000-0000-0000-000000000020', 'art_director', true),

-- ===== Сказания Земноморья (2006) =====
('b7777777-7777-7777-7777-777777777777', '781d9f24-6ef1-4eb2-a2d0-226c5dba34a8', 'director', true),
('b7777777-7777-7777-7777-777777777777', '781d9f24-6ef1-4eb2-a2d0-226c5dba34a8', 'screenwriter', true),
('b7777777-7777-7777-7777-777777777777', 'd0000013-0000-0000-0000-000000000013', 'screenwriter', false),
('b7777777-7777-7777-7777-777777777777', '2c2f14bd-5aab-4ad5-9bb5-0667d6613a7b', 'producer', true),
('b7777777-7777-7777-7777-777777777777', 'd0000021-0000-0000-0000-000000000021', 'composer', true),
('b7777777-7777-7777-7777-777777777777', 'd0000003-0000-0000-0000-000000000003', 'art_director', true),

-- ===== Ходячий замок (2004) =====
('a74bd7e8-4eb9-4f3a-8c3f-9b1f3f74d771', '5c329ca6-71a4-4bb8-8b8f-31553378eaef', 'director', true),
('a74bd7e8-4eb9-4f3a-8c3f-9b1f3f74d771', '5c329ca6-71a4-4bb8-8b8f-31553378eaef', 'screenwriter', true),
('a74bd7e8-4eb9-4f3a-8c3f-9b1f3f74d771', '2c2f14bd-5aab-4ad5-9bb5-0667d6613a7b', 'producer', true),
('a74bd7e8-4eb9-4f3a-8c3f-9b1f3f74d771', '9f6dc2bd-4045-41a1-9aa1-8e2d3ec9ad11', 'composer', true),
('a74bd7e8-4eb9-4f3a-8c3f-9b1f3f74d771', 'd0000001-0000-0000-0000-000000000001', 'cinematographer', true),
('a74bd7e8-4eb9-4f3a-8c3f-9b1f3f74d771', 'd0000003-0000-0000-0000-000000000003', 'art_director', true),
('a74bd7e8-4eb9-4f3a-8c3f-9b1f3f74d771', 'd0000004-0000-0000-0000-000000000004', 'art_director', false),
('a74bd7e8-4eb9-4f3a-8c3f-9b1f3f74d771', 'd0000002-0000-0000-0000-000000000002', 'editor', true),

-- ===== Мэй и Кот-автобус (2002) =====
('5c71919a-682e-4eda-b414-291f0af851e5', '5c329ca6-71a4-4bb8-8b8f-31553378eaef', 'director', true),
('5c71919a-682e-4eda-b414-291f0af851e5', '5c329ca6-71a4-4bb8-8b8f-31553378eaef', 'screenwriter', true),
('5c71919a-682e-4eda-b414-291f0af851e5', '2c2f14bd-5aab-4ad5-9bb5-0667d6613a7b', 'producer', true),
('5c71919a-682e-4eda-b414-291f0af851e5', '9f6dc2bd-4045-41a1-9aa1-8e2d3ec9ad11', 'composer', true),

-- ===== Великий день Коро (2002) =====
('b8888888-8888-8888-8888-888888888888', '5c329ca6-71a4-4bb8-8b8f-31553378eaef', 'director', true),
('b8888888-8888-8888-8888-888888888888', '5c329ca6-71a4-4bb8-8b8f-31553378eaef', 'screenwriter', true),
('b8888888-8888-8888-8888-888888888888', '2c2f14bd-5aab-4ad5-9bb5-0667d6613a7b', 'producer', true),
('b8888888-8888-8888-8888-888888888888', 'd0000025-0000-0000-0000-000000000025', 'composer', true),

-- ===== Вымышленные летательные аппараты (2002) =====
('b9999999-9999-9999-9999-999999999999', '5c329ca6-71a4-4bb8-8b8f-31553378eaef', 'director', true),
('b9999999-9999-9999-9999-999999999999', '5c329ca6-71a4-4bb8-8b8f-31553378eaef', 'screenwriter', true),
('b9999999-9999-9999-9999-999999999999', '2c2f14bd-5aab-4ad5-9bb5-0667d6613a7b', 'producer', true),
('b9999999-9999-9999-9999-999999999999', '9f6dc2bd-4045-41a1-9aa1-8e2d3ec9ad11', 'composer', true),
('b9999999-9999-9999-9999-999999999999', 'd0000003-0000-0000-0000-000000000003', 'art_director', true),

-- ===== Унесённые призраками (2001) =====
('6f4731cf-3f58-4d31-bf62-aa944147f1d6', '5c329ca6-71a4-4bb8-8b8f-31553378eaef', 'director', true),
('6f4731cf-3f58-4d31-bf62-aa944147f1d6', '5c329ca6-71a4-4bb8-8b8f-31553378eaef', 'screenwriter', true),
('6f4731cf-3f58-4d31-bf62-aa944147f1d6', '2c2f14bd-5aab-4ad5-9bb5-0667d6613a7b', 'producer', true),
('6f4731cf-3f58-4d31-bf62-aa944147f1d6', '9f6dc2bd-4045-41a1-9aa1-8e2d3ec9ad11', 'composer', true),
('6f4731cf-3f58-4d31-bf62-aa944147f1d6', 'd0000001-0000-0000-0000-000000000001', 'cinematographer', true),
('6f4731cf-3f58-4d31-bf62-aa944147f1d6', 'd0000004-0000-0000-0000-000000000004', 'art_director', true),
('6f4731cf-3f58-4d31-bf62-aa944147f1d6', 'd0000003-0000-0000-0000-000000000003', 'art_director', false),
('6f4731cf-3f58-4d31-bf62-aa944147f1d6', 'd0000002-0000-0000-0000-000000000002', 'editor', true),

-- ===== Охота на кита (2001) =====
('c1111111-1111-1111-1111-111111111111', '5c329ca6-71a4-4bb8-8b8f-31553378eaef', 'director', true),
('c1111111-1111-1111-1111-111111111111', '5c329ca6-71a4-4bb8-8b8f-31553378eaef', 'screenwriter', true),
('c1111111-1111-1111-1111-111111111111', 'd0000055-0000-0000-0000-000000000055', 'producer', true),
('c1111111-1111-1111-1111-111111111111', 'd0000025-0000-0000-0000-000000000025', 'composer', true),
('c1111111-1111-1111-1111-111111111111', 'd0000020-0000-0000-0000-000000000020', 'art_director', true),

-- ===== Конан – мальчик из будущего 2 (1999) =====
('c2222222-2222-2222-2222-222222222222', 'd0000041-0000-0000-0000-000000000041', 'director', true),
('c2222222-2222-2222-2222-222222222222', '5c329ca6-71a4-4bb8-8b8f-31553378eaef', 'screenwriter', true),

-- ===== Принцесса Мононоке (1997) =====
('4cf8c60b-90fb-4e9c-b6d4-6b1979027693', '5c329ca6-71a4-4bb8-8b8f-31553378eaef', 'director', true),
('4cf8c60b-90fb-4e9c-b6d4-6b1979027693', '5c329ca6-71a4-4bb8-8b8f-31553378eaef', 'screenwriter', true),
('4cf8c60b-90fb-4e9c-b6d4-6b1979027693', '2c2f14bd-5aab-4ad5-9bb5-0667d6613a7b', 'producer', true),
('4cf8c60b-90fb-4e9c-b6d4-6b1979027693', '9f6dc2bd-4045-41a1-9aa1-8e2d3ec9ad11', 'composer', true),
('4cf8c60b-90fb-4e9c-b6d4-6b1979027693', 'd0000001-0000-0000-0000-000000000001', 'cinematographer', true),
('4cf8c60b-90fb-4e9c-b6d4-6b1979027693', 'd0000026-0000-0000-0000-000000000026', 'art_director', true),
('4cf8c60b-90fb-4e9c-b6d4-6b1979027693', 'd0000027-0000-0000-0000-000000000027', 'art_director', false),
('4cf8c60b-90fb-4e9c-b6d4-6b1979027693', 'd0000002-0000-0000-0000-000000000002', 'editor', true),

-- ===== Шёпот сердца (1995) =====
('c3333333-3333-3333-3333-333333333333', 'a1111111-1111-1111-1111-111111111111', 'director', true),
('c3333333-3333-3333-3333-333333333333', '5c329ca6-71a4-4bb8-8b8f-31553378eaef', 'screenwriter', true),
('c3333333-3333-3333-3333-333333333333', '2c2f14bd-5aab-4ad5-9bb5-0667d6613a7b', 'producer', true),
('c3333333-3333-3333-3333-333333333333', 'd0000025-0000-0000-0000-000000000025', 'composer', true),
('c3333333-3333-3333-3333-333333333333', 'd0000001-0000-0000-0000-000000000001', 'cinematographer', true),
('c3333333-3333-3333-3333-333333333333', 'd0000026-0000-0000-0000-000000000026', 'art_director', true),
('c3333333-3333-3333-3333-333333333333', 'd0000002-0000-0000-0000-000000000002', 'editor', true),

-- ===== На старт! (1995) =====
('c4444444-4444-4444-4444-444444444444', '5c329ca6-71a4-4bb8-8b8f-31553378eaef', 'director', true),
('c4444444-4444-4444-4444-444444444444', '5c329ca6-71a4-4bb8-8b8f-31553378eaef', 'screenwriter', true),

-- ===== Помпоко (1994) =====
('c5555555-5555-5555-5555-555555555555', 'c4ef9f02-7cbe-4e2a-b4de-9777084ffcf0', 'director', true),
('c5555555-5555-5555-5555-555555555555', 'c4ef9f02-7cbe-4e2a-b4de-9777084ffcf0', 'screenwriter', true),
('c5555555-5555-5555-5555-555555555555', '2c2f14bd-5aab-4ad5-9bb5-0667d6613a7b', 'producer', true),
('c5555555-5555-5555-5555-555555555555', 'd0000029-0000-0000-0000-000000000029', 'composer', true),
('c5555555-5555-5555-5555-555555555555', 'd0000027-0000-0000-0000-000000000027', 'art_director', true),

-- ===== Порко Россо (1992) =====
('dd4a8cf5-e4f1-462f-b3b1-28d4c996e3cf', '5c329ca6-71a4-4bb8-8b8f-31553378eaef', 'director', true),
('dd4a8cf5-e4f1-462f-b3b1-28d4c996e3cf', '5c329ca6-71a4-4bb8-8b8f-31553378eaef', 'screenwriter', true),
('dd4a8cf5-e4f1-462f-b3b1-28d4c996e3cf', '2c2f14bd-5aab-4ad5-9bb5-0667d6613a7b', 'producer', true),
('dd4a8cf5-e4f1-462f-b3b1-28d4c996e3cf', '9f6dc2bd-4045-41a1-9aa1-8e2d3ec9ad11', 'composer', true),
('dd4a8cf5-e4f1-462f-b3b1-28d4c996e3cf', 'd0000001-0000-0000-0000-000000000001', 'cinematographer', true),
('dd4a8cf5-e4f1-462f-b3b1-28d4c996e3cf', 'd0000030-0000-0000-0000-000000000030', 'art_director', true),
('dd4a8cf5-e4f1-462f-b3b1-28d4c996e3cf', 'd0000002-0000-0000-0000-000000000002', 'editor', true),

-- ===== Надя с загадочного моря (1990) =====
('c6666666-6666-6666-6666-666666666666', 'a3333333-3333-3333-3333-333333333333', 'director', true),
('c6666666-6666-6666-6666-666666666666', '5c329ca6-71a4-4bb8-8b8f-31553378eaef', 'screenwriter', true),
('c6666666-6666-6666-6666-666666666666', 'd0000031-0000-0000-0000-000000000031', 'composer', true),

-- ===== Ведьмина служба доставки (1989) =====
('c244e5ad-9991-4f79-9bcb-77bf8abca7ec', '5c329ca6-71a4-4bb8-8b8f-31553378eaef', 'director', true),
('c244e5ad-9991-4f79-9bcb-77bf8abca7ec', '5c329ca6-71a4-4bb8-8b8f-31553378eaef', 'screenwriter', true),
('c244e5ad-9991-4f79-9bcb-77bf8abca7ec', 'd0000032-0000-0000-0000-000000000032', 'screenwriter', false),
('c244e5ad-9991-4f79-9bcb-77bf8abca7ec', '2c2f14bd-5aab-4ad5-9bb5-0667d6613a7b', 'producer', true),
('c244e5ad-9991-4f79-9bcb-77bf8abca7ec', 'd0000033-0000-0000-0000-000000000033', 'producer', false),
('c244e5ad-9991-4f79-9bcb-77bf8abca7ec', '9f6dc2bd-4045-41a1-9aa1-8e2d3ec9ad11', 'composer', true),
('c244e5ad-9991-4f79-9bcb-77bf8abca7ec', 'd0000034-0000-0000-0000-000000000034', 'cinematographer', true),
('c244e5ad-9991-4f79-9bcb-77bf8abca7ec', 'd0000035-0000-0000-0000-000000000035', 'art_director', true),
('c244e5ad-9991-4f79-9bcb-77bf8abca7ec', 'd0000002-0000-0000-0000-000000000002', 'editor', true),

-- ===== Небесный замок Лапута (1986) =====
('c8abb1db-8214-4b00-b7df-05d5b8ba0cac', '5c329ca6-71a4-4bb8-8b8f-31553378eaef', 'director', true),
('c8abb1db-8214-4b00-b7df-05d5b8ba0cac', '5c329ca6-71a4-4bb8-8b8f-31553378eaef', 'screenwriter', true),
('c8abb1db-8214-4b00-b7df-05d5b8ba0cac', 'c4ef9f02-7cbe-4e2a-b4de-9777084ffcf0', 'producer', true),
('c8abb1db-8214-4b00-b7df-05d5b8ba0cac', '9f6dc2bd-4045-41a1-9aa1-8e2d3ec9ad11', 'composer', true),

-- ===== Навсикая (1984) =====
('d3ef7211-9000-4b50-829a-3d3a7d577ede', '5c329ca6-71a4-4bb8-8b8f-31553378eaef', 'director', true),
('d3ef7211-9000-4b50-829a-3d3a7d577ede', '5c329ca6-71a4-4bb8-8b8f-31553378eaef', 'screenwriter', true),
('d3ef7211-9000-4b50-829a-3d3a7d577ede', 'd0000036-0000-0000-0000-000000000036', 'screenwriter', false),
('d3ef7211-9000-4b50-829a-3d3a7d577ede', 'c4ef9f02-7cbe-4e2a-b4de-9777084ffcf0', 'producer', true),
('d3ef7211-9000-4b50-829a-3d3a7d577ede', 'd0000033-0000-0000-0000-000000000033', 'producer', false),
('d3ef7211-9000-4b50-829a-3d3a7d577ede', '9f6dc2bd-4045-41a1-9aa1-8e2d3ec9ad11', 'composer', true),
('d3ef7211-9000-4b50-829a-3d3a7d577ede', 'd0000038-0000-0000-0000-000000000038', 'art_director', true),

-- ===== Великий детектив Холмс (1984) =====
('b6bf4eb2-3cc6-4b36-94de-08b0aebc17a1', '5c329ca6-71a4-4bb8-8b8f-31553378eaef', 'director', true),
('b6bf4eb2-3cc6-4b36-94de-08b0aebc17a1', '5c329ca6-71a4-4bb8-8b8f-31553378eaef', 'screenwriter', true),

-- ===== Люпен III: Замок Калиостро (1979) =====
('2d1b00b6-74bf-4bc1-9f1f-7d96318ce5fe', '5c329ca6-71a4-4bb8-8b8f-31553378eaef', 'director', true),
('2d1b00b6-74bf-4bc1-9f1f-7d96318ce5fe', '5c329ca6-71a4-4bb8-8b8f-31553378eaef', 'screenwriter', true),
('2d1b00b6-74bf-4bc1-9f1f-7d96318ce5fe', 'd0000046-0000-0000-0000-000000000046', 'screenwriter', false),
('2d1b00b6-74bf-4bc1-9f1f-7d96318ce5fe', 'd0000047-0000-0000-0000-000000000047', 'screenwriter', false),
('2d1b00b6-74bf-4bc1-9f1f-7d96318ce5fe', 'd0000077-0000-0000-0000-000000000077', 'producer', true),
('2d1b00b6-74bf-4bc1-9f1f-7d96318ce5fe', 'd0000078-0000-0000-0000-000000000078', 'producer', false),
('2d1b00b6-74bf-4bc1-9f1f-7d96318ce5fe', 'd0000048-0000-0000-0000-000000000048', 'composer', true),
('2d1b00b6-74bf-4bc1-9f1f-7d96318ce5fe', 'd0000049-0000-0000-0000-000000000049', 'art_director', true),

-- ===== Люпен III: Часть 2 (1977) =====
('c7777777-7777-7777-7777-777777777777', 'd0000040-0000-0000-0000-000000000040', 'director', true),
('c7777777-7777-7777-7777-777777777777', 'd0000047-0000-0000-0000-000000000047', 'screenwriter', true),
('c7777777-7777-7777-7777-777777777777', 'd0000048-0000-0000-0000-000000000048', 'composer', true),

-- ===== Панда: Дождливый день в цирке (1973) =====
('23327a87-835c-4678-8c44-2bb9cdd76538', 'c4ef9f02-7cbe-4e2a-b4de-9777084ffcf0', 'director', true),
('23327a87-835c-4678-8c44-2bb9cdd76538', '5c329ca6-71a4-4bb8-8b8f-31553378eaef', 'screenwriter', true),
('23327a87-835c-4678-8c44-2bb9cdd76538', 'd0000051-0000-0000-0000-000000000051', 'composer', true),

-- ===== Панда большая и маленькая (1972) =====
('67a68d8c-1684-4b55-9f7b-9d66c4047f1a', 'c4ef9f02-7cbe-4e2a-b4de-9777084ffcf0', 'director', true),
('67a68d8c-1684-4b55-9f7b-9d66c4047f1a', '5c329ca6-71a4-4bb8-8b8f-31553378eaef', 'screenwriter', true),
('67a68d8c-1684-4b55-9f7b-9d66c4047f1a', 'd0000051-0000-0000-0000-000000000051', 'composer', true),
('67a68d8c-1684-4b55-9f7b-9d66c4047f1a', 'd0000052-0000-0000-0000-000000000052', 'art_director', true),
('67a68d8c-1684-4b55-9f7b-9d66c4047f1a', 'd0000049-0000-0000-0000-000000000049', 'art_director', false),

-- ===== Солнце Юки (1972) =====
('c8888888-8888-8888-8888-888888888888', '5c329ca6-71a4-4bb8-8b8f-31553378eaef', 'director', true),
('c8888888-8888-8888-8888-888888888888', '5c329ca6-71a4-4bb8-8b8f-31553378eaef', 'screenwriter', true),
('c8888888-8888-8888-8888-888888888888', 'd0000054-0000-0000-0000-000000000054', 'screenwriter', false);
